{"cameraMode":{"drawMode":0,"name":"Shaded","section":"Shading Mode"},"sceneLighting":true,"audioPlay":false,"sceneViewState":{"m_AlwaysRefresh":false,"showFog":true,"showSkybox":true,"showFlares":true,"showImageEffects":true,"showParticleSystems":true,"showVisualEffectGraphs":true,"m_FxEnabled":true},"in2DMode":false,"pivot":{"x":-11.958244323730469,"y":-1.7056374549865723,"z":-14.550359725952149},"rotation":{"x":0.06755683571100235,"y":-0.9287973046302795,"z":0.21141596138477326,"w":0.2967933714389801},"size":6.098647594451904,"orthographic":false}