{"cameraMode":{"drawMode":0,"name":"Shaded","section":"Shading Mode"},"sceneLighting":false,"audioPlay":false,"sceneViewState":{"m_AlwaysRefresh":false,"showFog":true,"showSkybox":false,"showFlares":true,"showImageEffects":true,"showParticleSystems":true,"showVisualEffectGraphs":true,"m_FxEnabled":true},"in2DMode":false,"pivot":{"x":0.06930255889892578,"y":0.8105759620666504,"z":2.201289176940918},"rotation":{"x":0.010071700438857079,"y":-0.9847339391708374,"z":0.16276755928993226,"w":0.060925815254449847},"size":38.04212951660156,"orthographic":false}